ID,Feature
451394344495349762,False
505890213554421780,False
535194248233091072,False
660164819697139752,False
672690491682455552,False
680110636327501833,False
694590517459288105,False
699900877305020466,False
700708297358966875,False
714061594438402098,False
720971378077073499,False
724207947239915580,False
724612465329176603,False
736951433798353007,False
737164509105618965,False
747059119651029013,False
747345520565157979,False
751524641721548850,False
751694486534356992,False
752088570348699709,False
